{
  "lat_mu": 9.592325034955557,
  "lat_sd": 0.0020867343856695994,
  "lon_mu": 76.52476251275556,
  "lon_sd": 0.002293723923127969
}