{
  "lat_mu": 9.591759542277778,
  "lat_sd": 0.0023367041295358085,
  "lon_mu": 76.52403461269778,
  "lon_sd": 0.0030264030298156005,
  "ax_mu": -0.007321728888888889,
  "ax_sd": 0.06401847784186,
  "ay_mu": 0.007689633333333332,
  "ay_sd": 0.14394751534222078,
  "az_mu": 9.810348662222221,
  "az_sd": 0.04974918351076858,
  "gx_mu": 2.996933333333331e-05,
  "gx_sd": 0.02003695059087789,
  "gy_mu": -1.9782666666666683e-05,
  "gy_sd": 0.019999891329190587,
  "gz_mu": 0.0025597888888888886,
  "gz_sd": 0.04407440363950094
}