{
  "lat_mu": 9.592325034955556,
  "lat_sd": 0.0020867343856696,
  "lon_mu": 76.52476251275556,
  "lon_sd": 0.0022937239231279696
}