{
  "lat_mu": 9.592121520488888,
  "lat_sd": 0.0020970585373447353,
  "lon_mu": 76.52474147042668,
  "lon_sd": 0.0022910688507974445,
  "ax_mu": -0.007527817777777778,
  "ax_sd": 0.06449129363422386,
  "ay_mu": 0.007778457777777776,
  "ay_sd": 0.14146914215686518,
  "az_mu": 9.81004559111111,
  "az_sd": 0.05019298251643382,
  "gx_mu": 1.948977777777777e-05,
  "gx_sd": 0.020020993313289537,
  "gy_mu": -0.00020012355555555557,
  "gy_sd": 0.020085557566964504,
  "gz_mu": 0.002579791111111111,
  "gz_sd": 0.04406845184534231
}